ANIO_REGIS,ENT_OCURR,MUN_OCURR,CAUSA_DEF,SEXO_ID,RANGO_EDAD,COUNT,POBLACION_MUN,TOTAL,ENT_NAME,MUN_NAME,LAT,LON,TASA_CRUDA,TASA_AJUSTADA
2000,19,4,C56,2,>65,1,908,13392,Nuevo Le�n,Allende,25.3014341167351,-100.029518341809,110.13215859030838,7.709
2000,19,26,C56,2,>65,1,13326,313385,Nuevo Le�n,Guadalupe,25.6726512413282,-100.205777812056,7.5041272699984995,0.525
2000,19,33,C56,2,>65,1,2452,35829,Nuevo Le�n,Linares,24.8517705906785,-99.529219525043,40.78303425774878,2.855
2000,19,39,C56,2,>65,13,37217,536485,Nuevo Le�n,Monterrey,25.644831944618,-100.31101511558,34.930273799607704,2.445
2000,19,46,C56,2,>65,3,10979,257605,Nuevo Le�n,San Nicolás de los Garza,25.7360564326642,-100.270691442982,27.324892977502508,1.913
2000,19,48,C56,2,>65,1,3474,113208,Nuevo Le�n,Santa Catarina,25.5746103082564,-100.483863372521,28.78526194588371,2.015
2001,19,6,C56,2,>65,1,3376,153441,Nuevo Le�n,Apodaca,25.7922757582065,-100.187331046169,29.62085308056872,2.073
2001,19,19,C56,2,>65,1,4103,68683,Nuevo Le�n,San Pedro Garza García,25.6445974826594,-100.374757698228,24.372410431391664,1.706
2001,19,26,C56,2,>65,2,14229,317245,Nuevo Le�n,Guadalupe,25.6726512413282,-100.205777812056,14.055801532082368,0.984
2001,19,33,C56,2,>65,1,2578,36229,Nuevo Le�n,Linares,24.8517705906785,-99.529219525043,38.78975950349108,2.715
2001,19,38,C56,2,>65,1,2052,27593,Nuevo Le�n,Montemorelos,25.1263054213928,-99.8083805429705,48.732943469785575,3.411
2001,19,39,C56,2,>65,11,38848,537969,Nuevo Le�n,Monterrey,25.644831944618,-100.31101511558,28.315485996705107,1.982
2001,19,46,C56,2,>65,5,11695,257830,Nuevo Le�n,San Nicolás de los Garza,25.7360564326642,-100.270691442982,42.75331338178709,2.993
2002,19,4,C56,2,>65,1,1012,13955,Nuevo Le�n,Allende,25.3014341167351,-100.029518341809,98.81422924901185,6.917
2002,19,6,C56,2,>65,1,3732,163824,Nuevo Le�n,Apodaca,25.7922757582065,-100.187331046169,26.79528403001072,1.876
2002,19,7,C56,2,>65,1,687,7614,Nuevo Le�n,Aramberri,24.2251177018871,-99.8865089274877,145.5604075691412,10.189
2002,19,19,C56,2,>65,1,4336,68860,Nuevo Le�n,San Pedro Garza García,25.6445974826594,-100.374757698228,23.06273062730628,1.614
2002,19,21,C56,2,>65,2,2966,125519,Nuevo Le�n,General Escobedo,25.8219686500954,-100.355567771441,67.43088334457181,4.72
2002,19,26,C56,2,>65,2,15183,320522,Nuevo Le�n,Guadalupe,25.6726512413282,-100.205777812056,13.172627280511096,0.922
2002,19,33,C56,2,>65,2,2709,36633,Nuevo Le�n,Linares,24.8517705906785,-99.529219525043,73.82798080472499,5.168
2002,19,38,C56,2,>65,1,2145,27832,Nuevo Le�n,Montemorelos,25.1263054213928,-99.8083805429705,46.62004662004662,3.263
2002,19,39,C56,2,>65,19,40563,539139,Nuevo Le�n,Monterrey,25.644831944618,-100.31101511558,46.84071690949881,3.279
2002,19,46,C56,2,>65,3,12455,257581,Nuevo Le�n,San Nicolás de los Garza,25.7360564326642,-100.270691442982,24.08671216378964,1.686
2003,19,2,C56,2,>65,1,305,2051,Nuevo Le�n,Agualeguas,26.2987120646621,-99.7030827780617,327.8688524590164,22.951
2003,19,19,C56,2,>65,1,4547,68967,Nuevo Le�n,San Pedro Garza García,25.6445974826594,-100.374757698228,21.992522542335607,1.539
2003,19,26,C56,2,>65,1,16057,323279,Nuevo Le�n,Guadalupe,25.6726512413282,-100.205777812056,6.227813414710096,0.436
2003,19,39,C56,2,>65,16,42005,539748,Nuevo Le�n,Monterrey,25.644831944618,-100.31101511558,38.09070348768004,2.666
2003,19,46,C56,2,>65,2,13152,256949,Nuevo Le�n,San Nicolás de los Garza,25.7360564326642,-100.270691442982,15.206812652068129,1.064
2004,19,6,C56,2,>65,1,4438,184842,Nuevo Le�n,Apodaca,25.7922757582065,-100.187331046169,22.53267237494367,1.577
2004,19,7,C56,2,>65,1,754,7657,Nuevo Le�n,Aramberri,24.2251177018871,-99.8865089274877,132.6259946949602,9.284
2004,19,11,C56,2,>65,1,444,4429,Nuevo Le�n,Cerralvo,26.0723193325509,-99.7053644847672,225.2252252252252,15.766
2004,19,21,C56,2,>65,1,3491,139225,Nuevo Le�n,General Escobedo,25.8219686500954,-100.355567771441,28.64508736751647,2.005
2004,19,26,C56,2,>65,2,16888,325504,Nuevo Le�n,Guadalupe,25.6726512413282,-100.205777812056,11.842728564661298,0.829
2004,19,38,C56,2,>65,2,2294,28288,Nuevo Le�n,Montemorelos,25.1263054213928,-99.8083805429705,87.1839581517001,6.103
2004,19,39,C56,2,>65,20,43295,539861,Nuevo Le�n,Monterrey,25.644831944618,-100.31101511558,46.1947107056242,3.234
2004,19,46,C56,2,>65,3,13815,255902,Nuevo Le�n,San Nicolás de los Garza,25.7360564326642,-100.270691442982,21.71552660152009,1.52
2005,19,9,C56,2,>65,1,2597,38102,Nuevo Le�n,Cadereyta Jiménez,25.5245905417226,-99.9141854589972,38.50596842510589,2.695
2005,19,11,C56,2,>65,1,450,4401,Nuevo Le�n,Cerralvo,26.0723193325509,-99.7053644847672,222.22222222222223,15.556
2005,19,13,C56,2,>65,1,551,5746,Nuevo Le�n,China,25.4801587737197,-98.9724091747485,181.48820326678765,12.704
2005,19,18,C56,2,>65,1,1567,51290,Nuevo Le�n,García,25.8090105604871,-100.659776922245,63.81620931716657,4.467
2005,19,19,C56,2,>65,1,4948,68993,Nuevo Le�n,San Pedro Garza García,25.6445974826594,-100.374757698228,20.21018593371059,1.415
2005,19,22,C56,2,>65,1,962,7906,Nuevo Le�n,General Terán,25.275873969293,-99.4130166042144,103.95010395010397,7.277
2005,19,26,C56,2,>65,4,17711,327362,Nuevo Le�n,Guadalupe,25.6726512413282,-100.205777812056,22.58483428377844,1.581
2005,19,33,C56,2,>65,1,3018,37734,Nuevo Le�n,Linares,24.8517705906785,-99.529219525043,33.13452617627568,2.319
2005,19,39,C56,2,>65,20,44532,539771,Nuevo Le�n,Monterrey,25.644831944618,-100.31101511558,44.91152429713464,3.144
2005,19,46,C56,2,>65,5,14474,254577,Nuevo Le�n,San Nicolás de los Garza,25.7360564326642,-100.270691442982,34.5447008428907,2.418
2005,19,49,C56,2,>65,1,1772,19676,Nuevo Le�n,Santiago,25.3848971588258,-100.237322869556,56.4334085778781,3.95
2006,19,9,C56,2,>65,1,2687,38952,Nuevo Le�n,Cadereyta Jiménez,25.5245905417226,-99.9141854589972,37.21622627465575,2.605
2006,19,11,C56,2,>65,1,455,4366,Nuevo Le�n,Cerralvo,26.0723193325509,-99.7053644847672,219.78021978021977,15.385
2006,19,14,C56,2,>65,1,1694,17822,Nuevo Le�n,Doctor Arroyo,23.8601083825303,-100.306266485606,59.0318772136954,4.132
2006,19,17,C56,2,>65,1,1817,20501,Nuevo Le�n,Galeana,24.7605089754386,-100.392287229131,55.0357732526142,3.853
2006,19,19,C56,2,>65,3,5152,68991,Nuevo Le�n,San Pedro Garza García,25.6445974826594,-100.374757698228,58.22981366459627,4.076
2006,19,26,C56,2,>65,4,18538,328900,Nuevo Le�n,Guadalupe,25.6726512413282,-100.205777812056,21.57730067968497,1.51
2006,19,31,C56,2,>65,1,2107,87916,Nuevo Le�n,Juárez,25.6140901423753,-100.121479853684,47.460844803037496,3.322
2006,19,39,C56,2,>65,22,45764,539666,Nuevo Le�n,Monterrey,25.644831944618,-100.31101511558,48.072720916003846,3.365
2006,19,46,C56,2,>65,7,15138,253062,Nuevo Le�n,San Nicolás de los Garza,25.7360564326642,-100.270691442982,46.241247192495706,3.237
2006,19,48,C56,2,>65,1,5085,129160,Nuevo Le�n,Santa Catarina,25.5746103082564,-100.483863372521,19.66568338249754,1.377
2007,19,6,C56,2,>65,1,5562,216242,Nuevo Le�n,Apodaca,25.7922757582065,-100.187331046169,17.979144192736424,1.259
2007,19,9,C56,2,>65,1,2777,39809,Nuevo Le�n,Cadereyta Jiménez,25.5245905417226,-99.9141854589972,36.010082823190494,2.521
2007,19,19,C56,2,>65,1,5360,68997,Nuevo Le�n,San Pedro Garza García,25.6445974826594,-100.374757698228,18.65671641791045,1.306
2007,19,26,C56,2,>65,1,19374,330198,Nuevo Le�n,Guadalupe,25.6726512413282,-100.205777812056,5.161556725508413,0.361
2007,19,33,C56,2,>65,1,3206,38445,Nuevo Le�n,Linares,24.8517705906785,-99.529219525043,31.191515907673114,2.183
2007,19,39,C56,2,>65,22,47005,539598,Nuevo Le�n,Monterrey,25.644831944618,-100.31101511558,46.80353153919796,3.276
2007,19,46,C56,2,>65,1,15810,251422,Nuevo Le�n,San Nicolás de los Garza,25.7360564326642,-100.270691442982,6.325110689437065,0.443
2008,19,9,C56,2,>65,1,2866,40683,Nuevo Le�n,Cadereyta Jiménez,25.5245905417226,-99.9141854589972,34.89183531053733,2.442
2008,19,26,C56,2,>65,3,20215,331436,Nuevo Le�n,Guadalupe,25.6726512413282,-100.205777812056,14.840465001236703,1.039
2008,19,33,C56,2,>65,1,3299,38822,Nuevo Le�n,Linares,24.8517705906785,-99.529219525043,30.31221582297666,2.122
2008,19,36,C56,2,>65,1,368,3680,Nuevo Le�n,Mier y Noriega,23.4179165564668,-100.160407966984,271.7391304347826,19.022
2008,19,38,C56,2,>65,1,2568,29289,Nuevo Le�n,Montemorelos,25.1263054213928,-99.8083805429705,38.94080996884736,2.726
2008,19,39,C56,2,>65,18,48266,539831,Nuevo Le�n,Monterrey,25.644831944618,-100.31101511558,37.29333278083951,2.611
2008,19,46,C56,2,>65,4,16489,249775,Nuevo Le�n,San Nicolás de los Garza,25.7360564326642,-100.270691442982,24.258596640184365,1.698
2009,19,6,C56,2,>65,1,6359,236804,Nuevo Le�n,Apodaca,25.7922757582065,-100.187331046169,15.725743041358704,1.101
2009,19,9,C56,2,>65,1,2957,41565,Nuevo Le�n,Cadereyta Jiménez,25.5245905417226,-99.9141854589972,33.818058843422385,2.367
2009,19,25,C56,2,>65,1,891,23926,Nuevo Le�n,General Zuazua,25.9113921902419,-100.134819719376,112.23344556677893,7.856
2009,19,26,C56,2,>65,4,21073,332552,Nuevo Le�n,Guadalupe,25.6726512413282,-100.205777812056,18.981635267878328,1.329
2009,19,33,C56,2,>65,2,3394,39206,Nuevo Le�n,Linares,24.8517705906785,-99.529219525043,58.927519151443725,4.125
2009,19,39,C56,2,>65,24,49563,540198,Nuevo Le�n,Monterrey,25.644831944618,-100.31101511558,48.4232189334786,3.39
2009,19,46,C56,2,>65,3,17180,248088,Nuevo Le�n,San Nicolás de los Garza,25.7360564326642,-100.270691442982,17.462165308498253,1.222
2010,19,6,C56,2,>65,1,6766,246787,Nuevo Le�n,Apodaca,25.7922757582065,-100.187331046169,14.779781259237364,1.035
2010,19,9,C56,2,>65,1,3047,42439,Nuevo Le�n,Cadereyta Jiménez,25.5245905417226,-99.9141854589972,32.81916639317361,2.297
2010,19,18,C56,2,>65,1,1993,84555,Nuevo Le�n,García,25.8090105604871,-100.659776922245,50.175614651279474,3.512
2010,19,19,C56,2,>65,2,6010,69106,Nuevo Le�n,San Pedro Garza García,25.6445974826594,-100.374757698228,33.277870216306155,2.329
2010,19,22,C56,2,>65,1,1053,7739,Nuevo Le�n,General Terán,25.275873969293,-99.4130166042144,94.9667616334283,6.648
2010,19,26,C56,2,>65,3,21929,333444,Nuevo Le�n,Guadalupe,25.6726512413282,-100.205777812056,13.680514387340963,0.958
2010,19,33,C56,2,>65,1,3488,39587,Nuevo Le�n,Linares,24.8517705906785,-99.529219525043,28.669724770642205,2.007
2010,19,39,C56,2,>65,18,50876,540585,Nuevo Le�n,Monterrey,25.644831944618,-100.31101511558,35.380139948109125,2.477
2010,19,46,C56,2,>65,6,17872,246295,Nuevo Le�n,San Nicolás de los Garza,25.7360564326642,-100.270691442982,33.572068039391226,2.35
2011,19,6,C56,2,>65,4,7184,256961,Nuevo Le�n,Apodaca,25.7922757582065,-100.187331046169,55.67928730512249,3.898
2011,19,13,C56,2,>65,1,608,5597,Nuevo Le�n,China,25.4801587737197,-98.9724091747485,164.4736842105263,11.513
2011,19,18,C56,2,>65,1,2104,91804,Nuevo Le�n,García,25.8090105604871,-100.659776922245,47.52851711026616,3.327
2011,19,26,C56,2,>65,7,22816,334826,Nuevo Le�n,Guadalupe,25.6726512413282,-100.205777812056,30.680224403927067,2.148
2011,19,31,C56,2,>65,1,3021,129861,Nuevo Le�n,Juárez,25.6140901423753,-100.121479853684,33.101621979476995,2.317
2011,19,39,C56,2,>65,24,52278,542076,Nuevo Le�n,Monterrey,25.644831944618,-100.31101511558,45.90841271663032,3.214
2011,19,46,C56,2,>65,6,18586,244900,Nuevo Le�n,San Nicolás de los Garza,25.7360564326642,-100.270691442982,32.28236306897665,2.26
2011,19,49,C56,2,>65,1,2076,21001,Nuevo Le�n,Santiago,25.3848971588258,-100.237322869556,48.16955684007707,3.372
2012,19,4,C56,2,>65,1,1485,16741,Nuevo Le�n,Allende,25.3014341167351,-100.029518341809,67.34006734006735,4.714
2012,19,9,C56,2,>65,1,3239,44377,Nuevo Le�n,Cadereyta Jiménez,25.5245905417226,-99.9141854589972,30.873726458783576,2.161
2012,19,12,C56,2,>65,1,650,17423,Nuevo Le�n,Ciénega de Flores,25.9774584564317,-100.185435517819,153.84615384615384,10.769
2012,19,19,C56,2,>65,2,6479,69547,Nuevo Le�n,San Pedro Garza García,25.6445974826594,-100.374757698228,30.86896125945362,2.161
2012,19,26,C56,2,>65,4,23741,336691,Nuevo Le�n,Guadalupe,25.6726512413282,-100.205777812056,16.848489954087867,1.179
2012,19,39,C56,2,>65,12,53795,544639,Nuevo Le�n,Monterrey,25.644831944618,-100.31101511558,22.30690584626824,1.561
2012,19,46,C56,2,>65,6,19330,243906,Nuevo Le�n,San Nicolás de los Garza,25.7360564326642,-100.270691442982,31.039834454216248,2.173
2012,19,48,C56,2,>65,1,6769,143611,Nuevo Le�n,Santa Catarina,25.5746103082564,-100.483863372521,14.773230905599055,1.034
2013,19,5,C56,2,>65,1,909,9674,Nuevo Le�n,Anáhuac,27.3421539646917,-100.02535460276,110.01100110011,7.701
2013,19,6,C56,2,>65,2,8054,277250,Nuevo Le�n,Apodaca,25.7922757582065,-100.187331046169,24.832381425378696,1.738
2013,19,9,C56,2,>65,1,3341,45366,Nuevo Le�n,Cadereyta Jiménez,25.5245905417226,-99.9141854589972,29.9311583358276,2.095
2013,19,14,C56,2,>65,2,2068,17934,Nuevo Le�n,Doctor Arroyo,23.8601083825303,-100.306266485606,96.7117988394584,6.77
2013,19,19,C56,2,>65,2,6730,69839,Nuevo Le�n,San Pedro Garza García,25.6445974826594,-100.374757698228,29.71768202080237,2.08
2013,19,26,C56,2,>65,2,24692,338463,Nuevo Le�n,Guadalupe,25.6726512413282,-100.205777812056,8.099789405475457,0.567
2013,19,33,C56,2,>65,1,3797,41068,Nuevo Le�n,Linares,24.8517705906785,-99.529219525043,26.336581511719785,1.844
2013,19,38,C56,2,>65,1,2947,31014,Nuevo Le�n,Montemorelos,25.1263054213928,-99.8083805429705,33.93281303020021,2.375
2013,19,39,C56,2,>65,22,55389,547362,Nuevo Le�n,Monterrey,25.644831944618,-100.31101511558,39.7190777952301,2.78
2013,19,44,C56,2,>65,2,1935,18503,Nuevo Le�n,Sabinas Hidalgo,26.575102311386,-100.149288250141,103.35917312661498,7.235
2013,19,46,C56,2,>65,9,20095,242967,Nuevo Le�n,San Nicolás de los Garza,25.7360564326642,-100.270691442982,44.78726051256531,3.135
2013,19,48,C56,2,>65,2,7072,146130,Nuevo Le�n,Santa Catarina,25.5746103082564,-100.483863372521,28.280542986425345,1.98
2014,19,6,C56,2,>65,3,8501,286861,Nuevo Le�n,Apodaca,25.7922757582065,-100.187331046169,35.28996588636631,2.47
2014,19,17,C56,2,>65,1,2389,21160,Nuevo Le�n,Galeana,24.7605089754386,-100.392287229131,41.85851820845542,2.93
2014,19,19,C56,2,>65,1,6987,70153,Nuevo Le�n,San Pedro Garza García,25.6445974826594,-100.374757698228,14.31229426077,1.002
2014,19,21,C56,2,>65,2,6362,204803,Nuevo Le�n,General Escobedo,25.8219686500954,-100.355567771441,31.436655139893112,2.201
2014,19,26,C56,2,>65,3,25668,340231,Nuevo Le�n,Guadalupe,25.6726512413282,-100.205777812056,11.68770453482936,0.818
2014,19,38,C56,2,>65,1,3034,31427,Nuevo Le�n,Montemorelos,25.1263054213928,-99.8083805429705,32.95978905735003,2.307
2014,19,39,C56,2,>65,23,57088,550367,Nuevo Le�n,Monterrey,25.644831944618,-100.31101511558,40.288677130044846,2.82
2014,19,46,C56,2,>65,4,20879,242137,Nuevo Le�n,San Nicolás de los Garza,25.7360564326642,-100.270691442982,19.158005651611667,1.341
2014,19,47,C56,2,>65,1,624,7910,Nuevo Le�n,Hidalgo,25.9994022598416,-100.453190116239,160.25641025641025,11.218
2015,19,6,C56,2,>65,1,8948,295988,Nuevo Le�n,Apodaca,25.7922757582065,-100.187331046169,11.175681716584712,0.782
2015,19,19,C56,2,>65,2,7249,70480,Nuevo Le�n,San Pedro Garza García,25.6445974826594,-100.374757698228,27.590012415505583,1.931
2015,19,26,C56,2,>65,5,26647,341933,Nuevo Le�n,Guadalupe,25.6726512413282,-100.205777812056,18.76383833076894,1.313
2015,19,30,C56,2,>65,1,225,1846,Nuevo Le�n,Iturbide,24.6384176882001,-99.848715639894,444.44444444444446,31.111
2015,19,31,C56,2,>65,1,3835,163963,Nuevo Le�n,Juárez,25.6140901423753,-100.121479853684,26.07561929595828,1.825
2015,19,38,C56,2,>65,1,3122,31838,Nuevo Le�n,Montemorelos,25.1263054213928,-99.8083805429705,32.03074951953875,2.242
2015,19,39,C56,2,>65,16,58814,553513,Nuevo Le�n,Monterrey,25.644831944618,-100.31101511558,27.20440711395246,1.904
2015,19,46,C56,2,>65,6,21664,241398,Nuevo Le�n,San Nicolás de los Garza,25.7360564326642,-100.270691442982,27.695716395864107,1.939
2016,19,6,C56,2,>65,1,9422,304216,Nuevo Le�n,Apodaca,25.7922757582065,-100.187331046169,10.613457864572275,0.743
2016,19,9,C56,2,>65,1,3671,48158,Nuevo Le�n,Cadereyta Jiménez,25.5245905417226,-99.9141854589972,27.240533914464724,1.907
2016,19,11,C56,2,>65,1,511,4065,Nuevo Le�n,Cerralvo,26.0723193325509,-99.7053644847672,195.69471624266143,13.699
2016,19,19,C56,2,>65,4,7535,70801,Nuevo Le�n,San Pedro Garza García,25.6445974826594,-100.374757698228,53.085600530856006,3.716
2016,19,26,C56,2,>65,9,27713,343354,Nuevo Le�n,Guadalupe,25.6726512413282,-100.205777812056,32.47573341031285,2.273
2016,19,38,C56,2,>65,1,3223,32218,Nuevo Le�n,Montemorelos,25.1263054213928,-99.8083805429705,31.026993484331367,2.172
2016,19,39,C56,2,>65,23,60792,556547,Nuevo Le�n,Monterrey,25.644831944618,-100.31101511558,37.833925516515336,2.648
2016,19,46,C56,2,>65,7,22522,240681,Nuevo Le�n,San Nicolás de los Garza,25.7360564326642,-100.270691442982,31.08072107272889,2.176
2016,19,48,C56,2,>65,3,8023,152992,Nuevo Le�n,Santa Catarina,25.5746103082564,-100.483863372521,37.39249657235448,2.617
2017,19,6,C56,2,>65,2,9937,311512,Nuevo Le�n,Apodaca,25.7922757582065,-100.187331046169,20.12679883264567,1.409
2017,19,19,C56,2,>65,1,7857,71132,Nuevo Le�n,San Pedro Garza García,25.6445974826594,-100.374757698228,12.727504136438844,0.891
2017,19,26,C56,2,>65,7,28904,344623,Nuevo Le�n,Guadalupe,25.6726512413282,-100.205777812056,24.218101300858013,1.695
2017,19,31,C56,2,>65,1,4287,178487,Nuevo Le�n,Juárez,25.6140901423753,-100.121479853684,23.326335432703523,1.633
2017,19,39,C56,2,>65,17,63071,559606,Nuevo Le�n,Monterrey,25.644831944618,-100.31101511558,26.953750535111222,1.887
2017,19,46,C56,2,>65,7,23480,240091,Nuevo Le�n,San Nicolás de los Garza,25.7360564326642,-100.270691442982,29.81260647359456,2.087
2017,19,48,C56,2,>65,2,8391,154824,Nuevo Le�n,Santa Catarina,25.5746103082564,-100.483863372521,23.835061375283043,1.668
2017,19,49,C56,2,>65,1,2486,22585,Nuevo Le�n,Santiago,25.3848971588258,-100.237322869556,40.22526146419951,2.816
2018,19,6,C56,2,>65,4,10472,318280,Nuevo Le�n,Apodaca,25.7922757582065,-100.187331046169,38.19709702062643,2.674
2018,19,14,C56,2,>65,1,2441,18464,Nuevo Le�n,Doctor Arroyo,23.8601083825303,-100.306266485606,40.96681687832856,2.868
2018,19,19,C56,2,>65,1,8198,71532,Nuevo Le�n,San Pedro Garza García,25.6445974826594,-100.374757698228,12.19809709685289,0.854
2018,19,21,C56,2,>65,1,7721,224936,Nuevo Le�n,General Escobedo,25.8219686500954,-100.355567771441,12.951690195570524,0.907
2018,19,26,C56,2,>65,8,30163,346152,Nuevo Le�n,Guadalupe,25.6726512413282,-100.205777812056,26.522560753240725,1.857
2018,19,31,C56,2,>65,1,4529,184942,Nuevo Le�n,Juárez,25.6140901423753,-100.121479853684,22.07992934422609,1.546
2018,19,39,C56,2,>65,19,65550,563358,Nuevo Le�n,Monterrey,25.644831944618,-100.31101511558,28.98550724637681,2.029
2018,19,41,C56,2,>65,1,1974,52200,Nuevo Le�n,Pesquería,25.7367686606338,-99.9771347403415,50.658561296859176,3.546
2018,19,44,C56,2,>65,1,2358,19424,Nuevo Le�n,Sabinas Hidalgo,26.575102311386,-100.149288250141,42.40882103477523,2.969
2018,19,46,C56,2,>65,7,24491,239871,Nuevo Le�n,San Nicolás de los Garza,25.7360564326642,-100.270691442982,28.58192805520396,2.001
2018,19,48,C56,2,>65,1,8775,156610,Nuevo Le�n,Santa Catarina,25.5746103082564,-100.483863372521,11.396011396011396,0.798
2019,19,5,C56,2,>65,1,1112,9954,Nuevo Le�n,Anáhuac,27.3421539646917,-100.02535460276,89.92805755395683,6.295
2019,19,6,C56,2,>65,2,11027,324505,Nuevo Le�n,Apodaca,25.7922757582065,-100.187331046169,18.137299356125872,1.27
2019,19,9,C56,2,>65,1,4108,50505,Nuevo Le�n,Cadereyta Jiménez,25.5245905417226,-99.9141854589972,24.342745861733203,1.704
2019,19,17,C56,2,>65,2,2887,22019,Nuevo Le�n,Galeana,24.7605089754386,-100.392287229131,69.27606511950121,4.849
2019,19,19,C56,2,>65,1,8560,72029,Nuevo Le�n,San Pedro Garza García,25.6445974826594,-100.374757698228,11.682242990654206,0.818
2019,19,24,C56,2,>65,1,383,3159,Nuevo Le�n,General Zaragoza,23.901029043406,-99.7401735171412,261.0966057441253,18.277
2019,19,26,C56,2,>65,4,31492,348011,Nuevo Le�n,Guadalupe,25.6726512413282,-100.205777812056,12.701638511367968,0.889
2019,19,31,C56,2,>65,1,4779,190869,Nuevo Le�n,Juárez,25.6140901423753,-100.121479853684,20.924879681941828,1.465
2019,19,39,C56,2,>65,35,68240,567841,Nuevo Le�n,Monterrey,25.644831944618,-100.31101511558,51.28956623681126,3.59
2019,19,46,C56,2,>65,10,25555,240075,Nuevo Le�n,San Nicolás de los Garza,25.7360564326642,-100.270691442982,39.13128546272745,2.739
2019,19,48,C56,2,>65,1,9178,158358,Nuevo Le�n,Santa Catarina,25.5746103082564,-100.483863372521,10.895619960775768,0.763
2020,19,6,C56,2,>65,2,11602,330154,Nuevo Le�n,Apodaca,25.7922757582065,-100.187331046169,17.238407171177386,1.207
2020,19,19,C56,2,>65,5,8943,72612,Nuevo Le�n,San Pedro Garza García,25.6445974826594,-100.374757698228,55.90965000559097,3.914
2020,19,26,C56,2,>65,3,32897,350261,Nuevo Le�n,Guadalupe,25.6726512413282,-100.205777812056,9.119372587166003,0.638
2020,19,31,C56,2,>65,2,5036,196212,Nuevo Le�n,Juárez,25.6140901423753,-100.121479853684,39.714058776806986,2.78
2020,19,39,C56,2,>65,34,71143,573146,Nuevo Le�n,Monterrey,25.644831944618,-100.31101511558,47.79106869263315,3.345
2020,19,46,C56,2,>65,6,26677,240750,Nuevo Le�n,San Nicolás de los Garza,25.7360564326642,-100.270691442982,22.49128462720696,1.574
2020,19,48,C56,2,>65,1,9598,160069,Nuevo Le�n,Santa Catarina,25.5746103082564,-100.483863372521,10.418837257762034,0.729
2000,19,6,C56,2,45_64,1,10021,143080,Nuevo Le�n,Apodaca,25.7922757582065,-100.187331046169,9.979044007584074,1.896
2000,19,8,C56,2,45_64,1,299,1761,Nuevo Le�n,Bustamante,26.5717111055557,-100.56179249003,334.44816053511704,63.545
2000,19,21,C56,2,45_64,1,8845,111834,Nuevo Le�n,General Escobedo,25.8219686500954,-100.355567771441,11.305822498586773,2.148
2000,19,22,C56,2,45_64,1,1615,8181,Nuevo Le�n,General Terán,25.275873969293,-99.4130166042144,61.91950464396285,11.765
2000,19,26,C56,2,45_64,3,42694,313385,Nuevo Le�n,Guadalupe,25.6726512413282,-100.205777812056,7.026748489249076,1.335
2000,19,39,C56,2,45_64,20,89238,536485,Nuevo Le�n,Monterrey,25.644831944618,-100.31101511558,22.411976960487685,4.258
2000,19,42,C56,2,45_64,1,683,3171,Nuevo Le�n,Los Ramones,25.6533100409676,-99.5876669942503,146.41288433382138,27.818
2000,19,46,C56,2,45_64,6,37122,257605,Nuevo Le�n,San Nicolás de los Garza,25.7360564326642,-100.270691442982,16.162922256343947,3.071
2000,19,48,C56,2,45_64,1,12578,113208,Nuevo Le�n,Santa Catarina,25.5746103082564,-100.483863372521,7.950389569088885,1.511
2001,19,6,C56,2,45_64,1,11460,153441,Nuevo Le�n,Apodaca,25.7922757582065,-100.187331046169,8.726003490401396,1.658
2001,19,26,C56,2,45_64,2,44706,317245,Nuevo Le�n,Guadalupe,25.6726512413282,-100.205777812056,4.473672437704111,0.85
2001,19,38,C56,2,45_64,1,4507,27593,Nuevo Le�n,Montemorelos,25.1263054213928,-99.8083805429705,22.18770800976259,4.216
2001,19,39,C56,2,45_64,18,91098,537969,Nuevo Le�n,Monterrey,25.644831944618,-100.31101511558,19.758940920766648,3.754
2001,19,46,C56,2,45_64,3,38788,257830,Nuevo Le�n,San Nicolás de los Garza,25.7360564326642,-100.270691442982,7.734350830153656,1.47
2002,19,4,C56,2,45_64,1,2301,13955,Nuevo Le�n,Allende,25.3014341167351,-100.029518341809,43.4593654932638,8.257
2002,19,18,C56,2,45_64,1,3540,35484,Nuevo Le�n,García,25.8090105604871,-100.659776922245,28.24858757062147,5.367
2002,19,21,C56,2,45_64,1,11162,125519,Nuevo Le�n,General Escobedo,25.8219686500954,-100.355567771441,8.958967926894822,1.702
2002,19,26,C56,2,45_64,2,46843,320522,Nuevo Le�n,Guadalupe,25.6726512413282,-100.205777812056,4.2695813675469125,0.811
2002,19,28,C56,2,45_64,1,115,697,Nuevo Le�n,Higueras,26.0331681169393,-99.9975080138892,869.5652173913044,165.217
2002,19,39,C56,2,45_64,16,93149,539139,Nuevo Le�n,Monterrey,25.644831944618,-100.31101511558,17.176781285896787,3.264
2002,19,46,C56,2,45_64,1,40535,257581,Nuevo Le�n,San Nicolás de los Garza,25.7360564326642,-100.270691442982,2.467003823855927,0.469
2003,19,19,C56,2,45_64,1,12012,68967,Nuevo Le�n,San Pedro Garza García,25.6445974826594,-100.374757698228,8.325008325008325,1.582
2003,19,26,C56,2,45_64,3,49025,323279,Nuevo Le�n,Guadalupe,25.6726512413282,-100.205777812056,6.119326874043855,1.163
2003,19,38,C56,2,45_64,1,4748,28065,Nuevo Le�n,Montemorelos,25.1263054213928,-99.8083805429705,21.061499578770007,4.002
2003,19,39,C56,2,45_64,19,95160,539748,Nuevo Le�n,Monterrey,25.644831944618,-100.31101511558,19.96637242538882,3.794
2003,19,44,C56,2,45_64,1,2949,17093,Nuevo Le�n,Sabinas Hidalgo,26.575102311386,-100.149288250141,33.909799932180405,6.443
2003,19,46,C56,2,45_64,1,42308,256949,Nuevo Le�n,San Nicolás de los Garza,25.7360564326642,-100.270691442982,2.3636191736787366,0.449
2004,19,19,C56,2,45_64,1,12397,68998,Nuevo Le�n,San Pedro Garza García,25.6445974826594,-100.374757698228,8.066467693796886,1.533
2004,19,21,C56,2,45_64,1,13860,139225,Nuevo Le�n,General Escobedo,25.8219686500954,-100.355567771441,7.215007215007215,1.371
2004,19,26,C56,2,45_64,1,51198,325504,Nuevo Le�n,Guadalupe,25.6726512413282,-100.205777812056,1.9532012969256607,0.371
2004,19,39,C56,2,45_64,23,97083,539861,Nuevo Le�n,Monterrey,25.644831944618,-100.31101511558,23.691068467187872,4.501
2004,19,44,C56,2,45_64,1,3012,17220,Nuevo Le�n,Sabinas Hidalgo,26.575102311386,-100.149288250141,33.200531208499335,6.308
2005,19,9,C56,2,45_64,1,6071,38102,Nuevo Le�n,Cadereyta Jiménez,25.5245905417226,-99.9141854589972,16.471750947125678,3.13
2005,19,22,C56,2,45_64,2,1647,7906,Nuevo Le�n,General Terán,25.275873969293,-99.4130166042144,121.43290831815423,23.072
2005,19,26,C56,2,45_64,3,53396,327362,Nuevo Le�n,Guadalupe,25.6726512413282,-100.205777812056,5.618398381901266,1.067
2005,19,33,C56,2,45_64,1,6166,37734,Nuevo Le�n,Linares,24.8517705906785,-99.529219525043,16.21796951021732,3.081
2005,19,38,C56,2,45_64,1,4997,28520,Nuevo Le�n,Montemorelos,25.1263054213928,-99.8083805429705,20.0120072043226,3.802
2005,19,39,C56,2,45_64,18,99000,539771,Nuevo Le�n,Monterrey,25.644831944618,-100.31101511558,18.18181818181818,3.455
2005,19,44,C56,2,45_64,1,3078,17349,Nuevo Le�n,Sabinas Hidalgo,26.575102311386,-100.149288250141,32.48862897985705,6.173
2005,19,46,C56,2,45_64,4,45804,254577,Nuevo Le�n,San Nicolás de los Garza,25.7360564326642,-100.270691442982,8.732861758798357,1.659
2005,19,48,C56,2,45_64,1,17207,126703,Nuevo Le�n,Santa Catarina,25.5746103082564,-100.483863372521,5.811588307084326,1.104
2006,19,4,C56,2,45_64,1,2605,15038,Nuevo Le�n,Allende,25.3014341167351,-100.029518341809,38.38771593090211,7.294
2006,19,5,C56,2,45_64,2,1624,9563,Nuevo Le�n,Anáhuac,27.3421539646917,-100.02535460276,123.15270935960592,23.399
2006,19,6,C56,2,45_64,2,20899,205899,Nuevo Le�n,Apodaca,25.7922757582065,-100.187331046169,9.569835877314704,1.818
2006,19,19,C56,2,45_64,1,13189,68991,Nuevo Le�n,San Pedro Garza García,25.6445974826594,-100.374757698228,7.582075972401244,1.441
2006,19,21,C56,2,45_64,1,16848,152823,Nuevo Le�n,General Escobedo,25.8219686500954,-100.355567771441,5.935422602089269,1.128
2006,19,26,C56,2,45_64,3,55687,328900,Nuevo Le�n,Guadalupe,25.6726512413282,-100.205777812056,5.387253757609496,1.024
2006,19,31,C56,2,45_64,1,8210,87916,Nuevo Le�n,Juárez,25.6140901423753,-100.121479853684,12.18026796589525,2.314
2006,19,33,C56,2,45_64,1,6330,38090,Nuevo Le�n,Linares,24.8517705906785,-99.529219525043,15.79778830963665,3.002
2006,19,36,C56,2,45_64,1,558,3708,Nuevo Le�n,Mier y Noriega,23.4179165564668,-100.160407966984,179.21146953405017,34.05
2006,19,38,C56,2,45_64,2,5139,28765,Nuevo Le�n,Montemorelos,25.1263054213928,-99.8083805429705,38.91807744697412,7.394
2006,19,39,C56,2,45_64,20,101066,539666,Nuevo Le�n,Monterrey,25.644831944618,-100.31101511558,19.78904874042705,3.76
2006,19,46,C56,2,45_64,3,47620,253062,Nuevo Le�n,San Nicolás de los Garza,25.7360564326642,-100.270691442982,6.29987400251995,1.197
2007,19,6,C56,2,45_64,1,23151,216242,Nuevo Le�n,Apodaca,25.7922757582065,-100.187331046169,4.319467841561919,0.821
2007,19,7,C56,2,45_64,2,1414,7741,Nuevo Le�n,Aramberri,24.2251177018871,-99.8865089274877,141.44271570014143,26.874
2007,19,9,C56,2,45_64,2,6618,39809,Nuevo Le�n,Cadereyta Jiménez,25.5245905417226,-99.9141854589972,30.22061045633122,5.742
2007,19,21,C56,2,45_64,1,18459,159468,Nuevo Le�n,General Escobedo,25.8219686500954,-100.355567771441,5.417411560756271,1.029
2007,19,22,C56,2,45_64,1,1664,7816,Nuevo Le�n,General Terán,25.275873969293,-99.4130166042144,60.09615384615385,11.418
2007,19,26,C56,2,45_64,3,58089,330198,Nuevo Le�n,Guadalupe,25.6726512413282,-100.205777812056,5.164488973816041,0.981
2007,19,33,C56,2,45_64,1,6508,38445,Nuevo Le�n,Linares,24.8517705906785,-99.529219525043,15.365703749231711,2.919
2007,19,38,C56,2,45_64,1,5291,29016,Nuevo Le�n,Montemorelos,25.1263054213928,-99.8083805429705,18.9000189000189,3.591
2007,19,39,C56,2,45_64,23,103312,539598,Nuevo Le�n,Monterrey,25.644831944618,-100.31101511558,22.262660678333592,4.23
2007,19,45,C56,2,45_64,1,2366,17143,Nuevo Le�n,Salinas Victoria,26.161071400894,-100.270382779814,42.265426880811496,8.03
2007,19,46,C56,2,45_64,2,49511,251422,Nuevo Le�n,San Nicolás de los Garza,25.7360564326642,-100.270691442982,4.039506372321302,0.768
2008,19,18,C56,2,45_64,1,6574,70586,Nuevo Le�n,García,25.8090105604871,-100.659776922245,15.2114390021296,2.89
2008,19,19,C56,2,45_64,1,14057,69034,Nuevo Le�n,San Pedro Garza García,25.6445974826594,-100.374757698228,7.113893433876361,1.352
2008,19,26,C56,2,45_64,2,60532,331436,Nuevo Le�n,Guadalupe,25.6726512413282,-100.205777812056,3.3040375338663845,0.628
2008,19,38,C56,2,45_64,1,5451,29289,Nuevo Le�n,Montemorelos,25.1263054213928,-99.8083805429705,18.3452577508714,3.486
2008,19,39,C56,2,45_64,22,105639,539831,Nuevo Le�n,Monterrey,25.644831944618,-100.31101511558,20.825642045078048,3.957
2008,19,44,C56,2,45_64,1,3307,17716,Nuevo Le�n,Sabinas Hidalgo,26.575102311386,-100.149288250141,30.23888720895071,5.745
2008,19,46,C56,2,45_64,3,51423,249775,Nuevo Le�n,San Nicolás de los Garza,25.7360564326642,-100.270691442982,5.833965346245844,1.108
2008,19,47,C56,2,45_64,1,1340,7903,Nuevo Le�n,Hidalgo,25.9994022598416,-100.453190116239,74.6268656716418,14.179
2009,19,9,C56,2,45_64,1,7204,41565,Nuevo Le�n,Cadereyta Jiménez,25.5245905417226,-99.9141854589972,13.881177123820102,2.637
2009,19,19,C56,2,45_64,2,14499,69071,Nuevo Le�n,San Pedro Garza García,25.6445974826594,-100.374757698228,13.794054762397408,2.621
2009,19,21,C56,2,45_64,2,21806,172643,Nuevo Le�n,General Escobedo,25.8219686500954,-100.355567771441,9.171787581399617,1.743
2009,19,26,C56,2,45_64,2,63006,332552,Nuevo Le�n,Guadalupe,25.6726512413282,-100.205777812056,3.174300860235533,0.603
2009,19,29,C56,2,45_64,1,684,3604,Nuevo Le�n,Hualahuises,24.8837908654693,-99.6780960592105,146.19883040935673,27.778
2009,19,39,C56,2,45_64,22,108037,540198,Nuevo Le�n,Monterrey,25.644831944618,-100.31101511558,20.363394022418248,3.869
2009,19,46,C56,2,45_64,4,53346,248088,Nuevo Le�n,San Nicolás de los Garza,25.7360564326642,-100.270691442982,7.498219172946425,1.425
2009,19,49,C56,2,45_64,1,4044,20545,Nuevo Le�n,Santiago,25.3848971588258,-100.237322869556,24.72799208704253,4.698
2010,19,5,C56,2,45_64,1,1746,9569,Nuevo Le�n,Anáhuac,27.3421539646917,-100.02535460276,57.2737686139748,10.882
2010,19,26,C56,2,45_64,3,65434,333444,Nuevo Le�n,Guadalupe,25.6726512413282,-100.205777812056,4.584772442461106,0.871
2010,19,31,C56,2,45_64,1,12194,121206,Nuevo Le�n,Juárez,25.6140901423753,-100.121479853684,8.200754469411185,1.558
2010,19,39,C56,2,45_64,22,110391,540585,Nuevo Le�n,Monterrey,25.644831944618,-100.31101511558,19.92916089173936,3.787
2010,19,46,C56,2,45_64,5,55219,246295,Nuevo Le�n,San Nicolás de los Garza,25.7360564326642,-100.270691442982,9.054854307394194,1.72
2010,19,48,C56,2,45_64,1,22753,138560,Nuevo Le�n,Santa Catarina,25.5746103082564,-100.483863372521,4.3950248318903,0.835
2011,19,6,C56,2,45_64,1,32708,256961,Nuevo Le�n,Apodaca,25.7922757582065,-100.187331046169,3.0573559985324694,0.581
2011,19,17,C56,2,45_64,1,3717,20712,Nuevo Le�n,Galeana,24.7605089754386,-100.392287229131,26.90341673392521,5.112
2011,19,21,C56,2,45_64,2,25201,185542,Nuevo Le�n,General Escobedo,25.8219686500954,-100.355567771441,7.93619300821396,1.508
2011,19,26,C56,2,45_64,7,67912,334826,Nuevo Le�n,Guadalupe,25.6726512413282,-100.205777812056,10.307456708681825,1.958
2011,19,38,C56,2,45_64,1,5954,30212,Nuevo Le�n,Montemorelos,25.1263054213928,-99.8083805429705,16.795431642593215,3.191
2011,19,39,C56,2,45_64,21,112882,542076,Nuevo Le�n,Monterrey,25.644831944618,-100.31101511558,18.60349745752201,3.535
2011,19,48,C56,2,45_64,1,23903,141004,Nuevo Le�n,Santa Catarina,25.5746103082564,-100.483863372521,4.183575283437226,0.795
2012,19,6,C56,2,45_64,1,35207,267279,Nuevo Le�n,Apodaca,25.7922757582065,-100.187331046169,2.840344249723066,0.54
2012,19,9,C56,2,45_64,1,8120,44377,Nuevo Le�n,Cadereyta Jiménez,25.5245905417226,-99.9141854589972,12.31527093596059,2.34
2012,19,12,C56,2,45_64,1,2201,17423,Nuevo Le�n,Ciénega de Flores,25.9774584564317,-100.185435517819,45.433893684688776,8.632
2012,19,14,C56,2,45_64,1,3088,17846,Nuevo Le�n,Doctor Arroyo,23.8601083825303,-100.306266485606,32.38341968911917,6.153
2012,19,26,C56,2,45_64,6,70497,336691,Nuevo Le�n,Guadalupe,25.6726512413282,-100.205777812056,8.511000468105026,1.617
2012,19,31,C56,2,45_64,1,14299,138652,Nuevo Le�n,Juárez,25.6140901423753,-100.121479853684,6.993496048674733,1.329
2012,19,33,C56,2,45_64,1,7478,40554,Nuevo Le�n,Linares,24.8517705906785,-99.529219525043,13.37255950788981,2.541
2012,19,38,C56,2,45_64,1,6139,30612,Nuevo Le�n,Montemorelos,25.1263054213928,-99.8083805429705,16.28929793125916,3.095
2012,19,39,C56,2,45_64,25,115595,544639,Nuevo Le�n,Monterrey,25.644831944618,-100.31101511558,21.627233011808467,4.109
2012,19,46,C56,2,45_64,5,59086,243906,Nuevo Le�n,San Nicolás de los Garza,25.7360564326642,-100.270691442982,8.462241478522833,1.608
2012,19,48,C56,2,45_64,1,25089,143611,Nuevo Le�n,Santa Catarina,25.5746103082564,-100.483863372521,3.9858105145681377,0.757
2013,19,4,C56,2,45_64,1,3251,17060,Nuevo Le�n,Allende,25.3014341167351,-100.029518341809,30.759766225776687,5.844
2013,19,11,C56,2,45_64,1,826,4134,Nuevo Le�n,Cerralvo,26.0723193325509,-99.7053644847672,121.06537530266344,23.002
2013,19,17,C56,2,45_64,1,3856,20998,Nuevo Le�n,Galeana,24.7605089754386,-100.392287229131,25.933609958506224,4.927
2013,19,19,C56,2,45_64,1,16330,69839,Nuevo Le�n,San Pedro Garza García,25.6445974826594,-100.374757698228,6.12369871402327,1.164
2013,19,26,C56,2,45_64,2,73118,338463,Nuevo Le�n,Guadalupe,25.6726512413282,-100.205777812056,2.735304576164556,0.52
2013,19,38,C56,2,45_64,1,6328,31014,Nuevo Le�n,Montemorelos,25.1263054213928,-99.8083805429705,15.802781289506957,3.003
2013,19,39,C56,2,45_64,34,118442,547362,Nuevo Le�n,Monterrey,25.644831944618,-100.31101511558,28.70603333277047,5.454
2013,19,46,C56,2,45_64,9,61079,242967,Nuevo Le�n,San Nicolás de los Garza,25.7360564326642,-100.270691442982,14.735015308043682,2.8
2014,19,6,C56,2,45_64,3,40266,286861,Nuevo Le�n,Apodaca,25.7922757582065,-100.187331046169,7.450454477723142,1.416
2014,19,9,C56,2,45_64,2,8772,46341,Nuevo Le�n,Cadereyta Jiménez,25.5245905417226,-99.9141854589972,22.79981760145919,4.332
2014,19,19,C56,2,45_64,3,16824,70153,Nuevo Le�n,San Pedro Garza García,25.6445974826594,-100.374757698228,17.83166904422254,3.388
2014,19,21,C56,2,45_64,3,30471,204803,Nuevo Le�n,General Escobedo,25.8219686500954,-100.355567771441,9.845426799251747,1.871
2014,19,26,C56,2,45_64,3,75780,340231,Nuevo Le�n,Guadalupe,25.6726512413282,-100.205777812056,3.9588281868566906,0.752
2014,19,31,C56,2,45_64,1,16462,155785,Nuevo Le�n,Juárez,25.6140901423753,-100.121479853684,6.074596039363382,1.154
2014,19,38,C56,2,45_64,1,6529,31427,Nuevo Le�n,Montemorelos,25.1263054213928,-99.8083805429705,15.316281206922955,2.91
2014,19,39,C56,2,45_64,24,121423,550367,Nuevo Le�n,Monterrey,25.644831944618,-100.31101511558,19.76561277517439,3.755
2014,19,46,C56,2,45_64,6,63092,242137,Nuevo Le�n,San Nicolás de los Garza,25.7360564326642,-100.270691442982,9.509922018639449,1.807
2014,19,48,C56,2,45_64,2,27496,148576,Nuevo Le�n,Santa Catarina,25.5746103082564,-100.483863372521,7.273785277858598,1.382
2015,19,6,C56,2,45_64,7,42799,295988,Nuevo Le�n,Apodaca,25.7922757582065,-100.187331046169,16.355522325287975,3.108
2015,19,7,C56,2,45_64,1,1591,8311,Nuevo Le�n,Aramberri,24.2251177018871,-99.8865089274877,62.85355122564425,11.942
2015,19,26,C56,2,45_64,6,78454,341933,Nuevo Le�n,Guadalupe,25.6726512413282,-100.205777812056,7.6477936115430705,1.453
2015,19,31,C56,2,45_64,1,17547,163963,Nuevo Le�n,Juárez,25.6140901423753,-100.121479853684,5.698979882601015,1.083
2015,19,34,C56,2,45_64,1,527,2880,Nuevo Le�n,Marín,25.8745179994647,-99.9646183466771,189.75332068311195,36.053
2015,19,39,C56,2,45_64,34,124520,553513,Nuevo Le�n,Monterrey,25.644831944618,-100.31101511558,27.3048506264054,5.188
2015,19,46,C56,2,45_64,7,65104,241398,Nuevo Le�n,San Nicolás de los Garza,25.7360564326642,-100.270691442982,10.752027525190464,2.043
2015,19,48,C56,2,45_64,3,28706,150916,Nuevo Le�n,Santa Catarina,25.5746103082564,-100.483863372521,10.45077684107852,1.986
2016,19,6,C56,2,45_64,8,45327,304216,Nuevo Le�n,Apodaca,25.7922757582065,-100.187331046169,17.649524565932005,3.353
2016,19,10,C56,2,45_64,1,2514,20024,Nuevo Le�n,El Carmen,25.9007450885829,-100.356831928695,39.77724741447892,7.558
2016,19,12,C56,2,45_64,1,2766,21565,Nuevo Le�n,Ciénega de Flores,25.9774584564317,-100.185435517819,36.1532899493854,6.869
2016,19,19,C56,2,45_64,1,17847,70801,Nuevo Le�n,San Pedro Garza García,25.6445974826594,-100.374757698228,5.603182607721186,1.065
2016,19,21,C56,2,45_64,2,33973,215952,Nuevo Le�n,General Escobedo,25.8219686500954,-100.355567771441,5.887027933947547,1.119
2016,19,26,C56,2,45_64,9,81185,343354,Nuevo Le�n,Guadalupe,25.6726512413282,-100.205777812056,11.08579171029131,2.106
2016,19,31,C56,2,45_64,1,18633,171557,Nuevo Le�n,Juárez,25.6140901423753,-100.121479853684,5.366822304513498,1.02
2016,19,33,C56,2,45_64,1,8398,42564,Nuevo Le�n,Linares,24.8517705906785,-99.529219525043,11.907597046915932,2.262
2016,19,39,C56,2,45_64,28,127814,556547,Nuevo Le�n,Monterrey,25.644831944618,-100.31101511558,21.906833367236764,4.162
2016,19,46,C56,2,45_64,15,67160,240681,Nuevo Le�n,San Nicolás de los Garza,25.7360564326642,-100.270691442982,22.334723049434185,4.244
2016,19,48,C56,2,45_64,3,29928,152992,Nuevo Le�n,Santa Catarina,25.5746103082564,-100.483863372521,10.024057738572576,1.905
2017,19,6,C56,2,45_64,8,47831,311512,Nuevo Le�n,Apodaca,25.7922757582065,-100.187331046169,16.72555455666827,3.178
2017,19,9,C56,2,45_64,1,9789,48958,Nuevo Le�n,Cadereyta Jiménez,25.5245905417226,-99.9141854589972,10.215548064153642,1.941
2017,19,13,C56,2,45_64,1,1299,5704,Nuevo Le�n,China,25.4801587737197,-98.9724091747485,76.98229407236335,14.627
2017,19,16,C56,2,45_64,1,291,1590,Nuevo Le�n,Doctor González,25.8492520068041,-99.8049799578336,343.6426116838488,65.292
2017,19,17,C56,2,45_64,1,4205,21643,Nuevo Le�n,Galeana,24.7605089754386,-100.392287229131,23.78121284185493,4.518
2017,19,19,C56,2,45_64,2,18387,71132,Nuevo Le�n,San Pedro Garza García,25.6445974826594,-100.374757698228,10.877250231141566,2.067
2017,19,26,C56,2,45_64,6,83959,344623,Nuevo Le�n,Guadalupe,25.6726512413282,-100.205777812056,7.146345239938541,1.358
2017,19,31,C56,2,45_64,2,19714,178487,Nuevo Le�n,Juárez,25.6140901423753,-100.121479853684,10.145074566298062,1.928
2017,19,33,C56,2,45_64,1,8649,42997,Nuevo Le�n,Linares,24.8517705906785,-99.529219525043,11.562030292519363,2.197
2017,19,38,C56,2,45_64,2,7168,32586,Nuevo Le�n,Montemorelos,25.1263054213928,-99.8083805429705,27.90178571428571,5.301
2017,19,39,C56,2,45_64,26,131296,559606,Nuevo Le�n,Monterrey,25.644831944618,-100.31101511558,19.802583475505728,3.762
2017,19,46,C56,2,45_64,8,69243,240091,Nuevo Le�n,San Nicolás de los Garza,25.7360564326642,-100.270691442982,11.553514434672095,2.195
2017,19,48,C56,2,45_64,2,31150,154824,Nuevo Le�n,Santa Catarina,25.5746103082564,-100.483863372521,6.420545746388442,1.22
2018,19,6,C56,2,45_64,6,50265,318280,Nuevo Le�n,Apodaca,25.7922757582065,-100.187331046169,11.936735302894656,2.268
2018,19,9,C56,2,45_64,3,10132,49742,Nuevo Le�n,Cadereyta Jiménez,25.5245905417226,-99.9141854589972,29.60915909988157,5.626
2018,19,10,C56,2,45_64,1,2770,21846,Nuevo Le�n,El Carmen,25.9007450885829,-100.356831928695,36.101083032490976,6.859
2018,19,18,C56,2,45_64,1,13551,139449,Nuevo Le�n,García,25.8090105604871,-100.659776922245,7.379529186037931,1.402
2018,19,19,C56,2,45_64,3,18924,71532,Nuevo Le�n,San Pedro Garza García,25.6445974826594,-100.374757698228,15.85288522511097,3.012
2018,19,21,C56,2,45_64,2,37379,224936,Nuevo Le�n,General Escobedo,25.8219686500954,-100.355567771441,5.350597929318601,1.017
2018,19,26,C56,2,45_64,4,86701,346152,Nuevo Le�n,Guadalupe,25.6726512413282,-100.205777812056,4.61355693705955,0.877
2018,19,39,C56,2,45_64,32,134869,563358,Nuevo Le�n,Monterrey,25.644831944618,-100.31101511558,23.72672741697499,4.508
2018,19,46,C56,2,45_64,6,71297,239871,Nuevo Le�n,San Nicolás de los Garza,25.7360564326642,-100.270691442982,8.415501353493134,1.599
2019,19,6,C56,2,45_64,4,52607,324505,Nuevo Le�n,Apodaca,25.7922757582065,-100.187331046169,7.603550858250803,1.445
2019,19,9,C56,2,45_64,1,10467,50505,Nuevo Le�n,Cadereyta Jiménez,25.5245905417226,-99.9141854589972,9.553835865099838,1.815
2019,19,10,C56,2,45_64,1,2891,22670,Nuevo Le�n,El Carmen,25.9007450885829,-100.356831928695,34.59010722933241,6.572
2019,19,14,C56,2,45_64,1,3543,18606,Nuevo Le�n,Doctor Arroyo,23.8601083825303,-100.306266485606,28.22466836014677,5.363
2019,19,18,C56,2,45_64,1,14214,144760,Nuevo Le�n,García,25.8090105604871,-100.659776922245,7.035317292809905,1.337
2019,19,21,C56,2,45_64,2,38984,228929,Nuevo Le�n,General Escobedo,25.8219686500954,-100.355567771441,5.130309870716191,0.975
2019,19,25,C56,2,45_64,1,4462,44117,Nuevo Le�n,General Zuazua,25.9113921902419,-100.134819719376,22.411474675033617,4.258
2019,19,26,C56,2,45_64,10,89395,348011,Nuevo Le�n,Guadalupe,25.6726512413282,-100.205777812056,11.186307959058112,2.125
2019,19,31,C56,2,45_64,2,21775,190869,Nuevo Le�n,Juárez,25.6140901423753,-100.121479853684,9.184845005740527,1.745
2019,19,33,C56,2,45_64,1,9161,43918,Nuevo Le�n,Linares,24.8517705906785,-99.529219525043,10.9158388822181,2.074
2019,19,38,C56,2,45_64,1,7616,33352,Nuevo Le�n,Montemorelos,25.1263054213928,-99.8083805429705,13.130252100840336,2.495
2019,19,39,C56,2,45_64,34,138505,567841,Nuevo Le�n,Monterrey,25.644831944618,-100.31101511558,24.547850258113424,4.664
2019,19,46,C56,2,45_64,8,73300,240075,Nuevo Le�n,San Nicolás de los Garza,25.7360564326642,-100.270691442982,10.914051841746248,2.074
2019,19,48,C56,2,45_64,2,33511,158358,Nuevo Le�n,Santa Catarina,25.5746103082564,-100.483863372521,5.9681895497000985,1.134
2020,19,6,C56,2,45_64,3,54825,330154,Nuevo Le�n,Apodaca,25.7922757582065,-100.187331046169,5.471956224350205,1.04
2020,19,9,C56,2,45_64,2,10794,51255,Nuevo Le�n,Cadereyta Jiménez,25.5245905417226,-99.9141854589972,18.528812303131367,3.52
2020,19,19,C56,2,45_64,3,19991,72612,Nuevo Le�n,San Pedro Garza García,25.6445974826594,-100.374757698228,15.006753038867492,2.851
2020,19,21,C56,2,45_64,2,40501,232578,Nuevo Le�n,General Escobedo,25.8219686500954,-100.355567771441,4.938149675316659,0.938
2020,19,26,C56,2,45_64,9,92025,350261,Nuevo Le�n,Guadalupe,25.6726512413282,-100.205777812056,9.7799511002445,1.858
2020,19,33,C56,2,45_64,2,9415,44407,Nuevo Le�n,Linares,24.8517705906785,-99.529219525043,21.24269782262348,4.036
2020,19,38,C56,2,45_64,2,7839,33766,Nuevo Le�n,Montemorelos,25.1263054213928,-99.8083805429705,25.513458349279244,4.848
2020,19,39,C56,2,45_64,41,142198,573146,Nuevo Le�n,Monterrey,25.644831944618,-100.31101511558,28.83303562638012,5.478
2020,19,45,C56,2,45_64,1,4753,30277,Nuevo Le�n,Salinas Victoria,26.161071400894,-100.270382779814,21.039343572480536,3.997
2020,19,46,C56,2,45_64,5,75239,240750,Nuevo Le�n,San Nicolás de los Garza,25.7360564326642,-100.270691442982,6.645489706136445,1.263
2020,19,48,C56,2,45_64,4,34622,160069,Nuevo Le�n,Santa Catarina,25.5746103082564,-100.483863372521,11.55334758246202,2.195
2000,19,26,C56,2,25_44,3,101111,313385,Nuevo Le�n,Guadalupe,25.6726512413282,-100.205777812056,2.9670362275123376,0.771
2000,19,38,C56,2,25_44,1,7757,27366,Nuevo Le�n,Montemorelos,25.1263054213928,-99.8083805429705,12.891581797086502,3.352
2000,19,39,C56,2,25_44,2,161380,536485,Nuevo Le�n,Monterrey,25.644831944618,-100.31101511558,1.2393109431156275,0.322
2000,19,46,C56,2,25_44,1,86571,257605,Nuevo Le�n,San Nicolás de los Garza,25.7360564326642,-100.270691442982,1.1551212299730858,0.3
2001,19,26,C56,2,25_44,2,102403,317245,Nuevo Le�n,Guadalupe,25.6726512413282,-100.205777812056,1.9530677812173471,0.508
2001,19,39,C56,2,25_44,4,162138,537969,Nuevo Le�n,Monterrey,25.644831944618,-100.31101511558,2.467034254770627,0.641
2002,19,26,C56,2,25_44,2,103185,320522,Nuevo Le�n,Guadalupe,25.6726512413282,-100.205777812056,1.938266220865436,0.504
2002,19,39,C56,2,25_44,5,162319,539139,Nuevo Le�n,Monterrey,25.644831944618,-100.31101511558,3.080354117509349,0.801
2002,19,46,C56,2,25_44,1,85419,257581,Nuevo Le�n,San Nicolás de los Garza,25.7360564326642,-100.270691442982,1.1706997272269637,0.304
2002,19,48,C56,2,25_44,1,38901,118865,Nuevo Le�n,Santa Catarina,25.5746103082564,-100.483863372521,2.57062800442148,0.668
2003,19,5,C56,2,25_44,1,2592,9557,Nuevo Le�n,Anáhuac,27.3421539646917,-100.02535460276,38.58024691358025,10.031
2003,19,9,C56,2,25_44,1,10870,36416,Nuevo Le�n,Cadereyta Jiménez,25.5245905417226,-99.9141854589972,9.19963201471941,2.392
2003,19,19,C56,2,25_44,1,20993,68967,Nuevo Le�n,San Pedro Garza García,25.6445974826594,-100.374757698228,4.763492592769018,1.239
2003,19,33,C56,2,25_44,1,10303,37014,Nuevo Le�n,Linares,24.8517705906785,-99.529219525043,9.70591089973794,2.524
2003,19,39,C56,2,25_44,9,162191,539748,Nuevo Le�n,Monterrey,25.644831944618,-100.31101511558,5.549013200485847,1.443
2003,19,48,C56,2,25_44,1,39756,121560,Nuevo Le�n,Santa Catarina,25.5746103082564,-100.483863372521,2.515343595935205,0.654
2004,19,3,C56,2,25_44,1,237,1051,Nuevo Le�n,Los Aldamas,26.0915060588545,-99.2734801504528,421.94092827004215,109.705
2004,19,6,C56,2,25_44,1,66514,184842,Nuevo Le�n,Apodaca,25.7922757582065,-100.187331046169,1.503442884204829,0.391
2004,19,26,C56,2,25_44,2,103948,325504,Nuevo Le�n,Guadalupe,25.6726512413282,-100.205777812056,1.9240389425481967,0.5
2004,19,33,C56,2,25_44,1,10444,37373,Nuevo Le�n,Linares,24.8517705906785,-99.529219525043,9.574875526618154,2.489
2004,19,39,C56,2,25_44,5,162029,539861,Nuevo Le�n,Monterrey,25.644831944618,-100.31101511558,3.0858673447345843,0.802
2005,19,39,C56,2,25_44,6,161809,539771,Nuevo Le�n,Monterrey,25.644831944618,-100.31101511558,3.708075570580129,0.964
2005,19,46,C56,2,25_44,1,81884,254577,Nuevo Le�n,San Nicolás de los Garza,25.7360564326642,-100.270691442982,1.221239802647648,0.318
2006,19,9,C56,2,25_44,1,11683,38952,Nuevo Le�n,Cadereyta Jiménez,25.5245905417226,-99.9141854589972,8.559445347941454,2.225
2006,19,26,C56,2,25_44,2,104107,328900,Nuevo Le�n,Guadalupe,25.6726512413282,-100.205777812056,1.921100406312736,0.499
2006,19,39,C56,2,25_44,9,161556,539666,Nuevo Le�n,Monterrey,25.644831944618,-100.31101511558,5.570823739136894,1.448
2006,19,46,C56,2,25_44,1,80471,253062,Nuevo Le�n,San Nicolás de los Garza,25.7360564326642,-100.270691442982,1.2426836997179107,0.323
2007,19,15,C56,2,25_44,1,216,948,Nuevo Le�n,Doctor Coss,25.964091084265,-99.0308734113713,462.9629629629629,120.37
2007,19,18,C56,2,25_44,1,22069,63867,Nuevo Le�n,García,25.8090105604871,-100.659776922245,4.531242919932938,1.178
2007,19,21,C56,2,25_44,1,54735,159468,Nuevo Le�n,General Escobedo,25.8219686500954,-100.355567771441,1.8269845619804512,0.475
2007,19,26,C56,2,25_44,1,104012,330198,Nuevo Le�n,Guadalupe,25.6726512413282,-100.205777812056,0.96142752759297,0.25
2007,19,39,C56,2,25_44,3,161303,539598,Nuevo Le�n,Monterrey,25.644831944618,-100.31101511558,1.8598538154901023,0.484
2007,19,46,C56,2,25_44,1,78984,251422,Nuevo Le�n,San Nicolás de los Garza,25.7360564326642,-100.270691442982,1.266079205915122,0.329
2008,19,26,C56,2,25_44,1,103844,331436,Nuevo Le�n,Guadalupe,25.6726512413282,-100.205777812056,0.962982935942375,0.25
2008,19,39,C56,2,25_44,4,161081,539831,Nuevo Le�n,Monterrey,25.644831944618,-100.31101511558,2.483222726454392,0.646
2008,19,46,C56,2,25_44,1,77447,249775,Nuevo Le�n,San Nicolás de los Garza,25.7360564326642,-100.270691442982,1.2912055986674758,0.336
2008,19,48,C56,2,25_44,1,43666,133944,Nuevo Le�n,Santa Catarina,25.5746103082564,-100.483863372521,2.290111299409152,0.595
2009,19,17,C56,2,25_44,1,5327,20571,Nuevo Le�n,Galeana,24.7605089754386,-100.392287229131,18.772292096865023,4.881
2009,19,19,C56,2,25_44,1,20237,69071,Nuevo Le�n,San Pedro Garza García,25.6445974826594,-100.374757698228,4.941443889904631,1.285
2009,19,26,C56,2,25_44,2,103597,332552,Nuevo Le�n,Guadalupe,25.6726512413282,-100.205777812056,1.9305578346863328,0.502
2009,19,31,C56,2,25_44,1,40496,112737,Nuevo Le�n,Juárez,25.6140901423753,-100.121479853684,2.4693796918214144,0.642
2009,19,39,C56,2,25_44,7,160850,540198,Nuevo Le�n,Monterrey,25.644831944618,-100.31101511558,4.351880634131178,1.131
2010,19,6,C56,2,25_44,1,88935,246787,Nuevo Le�n,Apodaca,25.7922757582065,-100.187331046169,1.1244167088322932,0.292
2010,19,21,C56,2,25_44,1,61111,179017,Nuevo Le�n,General Escobedo,25.8219686500954,-100.355567771441,1.6363666115756574,0.425
2010,19,26,C56,2,25_44,1,103195,333444,Nuevo Le�n,Guadalupe,25.6726512413282,-100.205777812056,0.9690391976355444,0.252
2010,19,39,C56,2,25_44,14,160522,540585,Nuevo Le�n,Monterrey,25.644831944618,-100.31101511558,8.721545956317513,2.268
2010,19,46,C56,2,25_44,3,74202,246295,Nuevo Le�n,San Nicolás de los Garza,25.7360564326642,-100.270691442982,4.043017708417563,1.051
2010,19,48,C56,2,25_44,1,45029,138560,Nuevo Le�n,Santa Catarina,25.5746103082564,-100.483863372521,2.220791045770504,0.577
2011,19,19,C56,2,25_44,1,19957,69268,Nuevo Le�n,San Pedro Garza García,25.6445974826594,-100.374757698228,5.010773162298943,1.303
2011,19,26,C56,2,25_44,2,102720,334826,Nuevo Le�n,Guadalupe,25.6726512413282,-100.205777812056,1.947040498442368,0.506
2011,19,39,C56,2,25_44,12,160192,542076,Nuevo Le�n,Monterrey,25.644831944618,-100.31101511558,7.491010787055533,1.948
2011,19,46,C56,2,25_44,1,72510,244900,Nuevo Le�n,San Nicolás de los Garza,25.7360564326642,-100.270691442982,1.3791201213625706,0.359
2012,19,4,C56,2,25_44,1,4825,16741,Nuevo Le�n,Allende,25.3014341167351,-100.029518341809,20.72538860103627,5.389
2012,19,6,C56,2,25_44,1,95654,267279,Nuevo Le�n,Apodaca,25.7922757582065,-100.187331046169,1.0454345871578816,0.272
2012,19,19,C56,2,25_44,1,19830,69547,Nuevo Le�n,San Pedro Garza García,25.6445974826594,-100.374757698228,5.042864346949067,1.311
2012,19,26,C56,2,25_44,2,102238,336691,Nuevo Le�n,Guadalupe,25.6726512413282,-100.205777812056,1.956219800856824,0.509
2012,19,39,C56,2,25_44,8,159931,544639,Nuevo Le�n,Monterrey,25.644831944618,-100.31101511558,5.002157180283998,1.301
2012,19,44,C56,2,25_44,1,5067,18318,Nuevo Le�n,Sabinas Hidalgo,26.575102311386,-100.149288250141,19.73554371422933,5.131
2012,19,46,C56,2,25_44,1,70850,243906,Nuevo Le�n,San Nicolás de los Garza,25.7360564326642,-100.270691442982,1.4114326040931544,0.367
2013,19,6,C56,2,25_44,1,98801,277250,Nuevo Le�n,Apodaca,25.7922757582065,-100.187331046169,1.0121355047013694,0.263
2013,19,21,C56,2,25_44,1,66769,198614,Nuevo Le�n,General Escobedo,25.8219686500954,-100.355567771441,1.497701028920607,0.389
2013,19,26,C56,2,25_44,1,101705,338463,Nuevo Le�n,Guadalupe,25.6726512413282,-100.205777812056,0.983235829113613,0.256
2013,19,38,C56,2,25_44,1,8777,31014,Nuevo Le�n,Montemorelos,25.1263054213928,-99.8083805429705,11.393414606357526,2.962
2013,19,39,C56,2,25_44,5,159675,547362,Nuevo Le�n,Monterrey,25.644831944618,-100.31101511558,3.1313605761703465,0.814
2013,19,46,C56,2,25_44,3,69216,242967,Nuevo Le�n,San Nicolás de los Garza,25.7360564326642,-100.270691442982,4.334257975034674,1.127
2014,19,33,C56,2,25_44,1,11783,41585,Nuevo Le�n,Linares,24.8517705906785,-99.529219525043,8.486803021301876,2.207
2014,19,39,C56,2,25_44,8,159421,550367,Nuevo Le�n,Monterrey,25.644831944618,-100.31101511558,5.018159464562385,1.305
2014,19,46,C56,2,25_44,3,67626,242137,Nuevo Le�n,San Nicolás de los Garza,25.7360564326642,-100.270691442982,4.436163605713778,1.153
2015,19,6,C56,2,25_44,1,104539,295988,Nuevo Le�n,Apodaca,25.7922757582065,-100.187331046169,0.9565807975970692,0.249
2015,19,26,C56,2,25_44,2,100531,341933,Nuevo Le�n,Guadalupe,25.6726512413282,-100.205777812056,1.98943609433906,0.517
2015,19,39,C56,2,25_44,9,159146,553513,Nuevo Le�n,Monterrey,25.644831944618,-100.31101511558,5.655184547522401,1.47
2016,19,6,C56,2,25_44,2,107071,304216,Nuevo Le�n,Apodaca,25.7922757582065,-100.187331046169,1.8679194179563088,0.486
2016,19,21,C56,2,25_44,1,71474,215952,Nuevo Le�n,General Escobedo,25.8219686500954,-100.355567771441,1.3991101659344656,0.364
2016,19,39,C56,2,25_44,4,158851,556547,Nuevo Le�n,Monterrey,25.644831944618,-100.31101511558,2.5180829834247187,0.655
2016,19,46,C56,2,25_44,2,64609,240681,Nuevo Le�n,San Nicolás de los Garza,25.7360564326642,-100.270691442982,3.095543964463155,0.805
2017,19,6,C56,2,25_44,3,109374,311512,Nuevo Le�n,Apodaca,25.7922757582065,-100.187331046169,2.742882220637446,0.713
2017,19,22,C56,2,25_44,1,1943,7941,Nuevo Le�n,General Terán,25.275873969293,-99.4130166042144,51.4668039114771,13.381
2017,19,26,C56,2,25_44,2,99246,344623,Nuevo Le�n,Guadalupe,25.6726512413282,-100.205777812056,2.015194567035447,0.524
2017,19,39,C56,2,25_44,8,158577,559606,Nuevo Le�n,Monterrey,25.644831944618,-100.31101511558,5.044867792933402,1.312
2017,19,46,C56,2,25_44,3,63237,240091,Nuevo Le�n,San Nicolás de los Garza,25.7360564326642,-100.270691442982,4.744058067270744,1.233
2018,19,33,C56,2,25_44,1,12166,43451,Nuevo Le�n,Linares,24.8517705906785,-99.529219525043,8.21962847279303,2.137
2018,19,39,C56,2,25_44,4,158473,563358,Nuevo Le�n,Monterrey,25.644831944618,-100.31101511558,2.524089277037729,0.656
2018,19,46,C56,2,25_44,3,62029,239871,Nuevo Le�n,San Nicolás de los Garza,25.7360564326642,-100.270691442982,4.836447468119751,1.257
2019,19,6,C56,2,25_44,2,113442,324505,Nuevo Le�n,Apodaca,25.7922757582065,-100.187331046169,1.7630154616455986,0.458
2019,19,24,C56,2,25_44,1,679,3159,Nuevo Le�n,General Zaragoza,23.901029043406,-99.7401735171412,147.27540500736376,38.292
2019,19,26,C56,2,25_44,4,98275,348011,Nuevo Le�n,Guadalupe,25.6726512413282,-100.205777812056,4.070211142203002,1.058
2019,19,33,C56,2,25_44,1,12257,43918,Nuevo Le�n,Linares,24.8517705906785,-99.529219525043,8.158603247124091,2.121
2019,19,39,C56,2,25_44,11,158547,567841,Nuevo Le�n,Monterrey,25.644831944618,-100.31101511558,6.938005764852063,1.804
2019,19,46,C56,2,25_44,1,61016,240075,Nuevo Le�n,San Nicolás de los Garza,25.7360564326642,-100.270691442982,1.638914383112626,0.426
2020,19,12,C56,2,25_44,1,8132,24798,Nuevo Le�n,Ciénega de Flores,25.9774584564317,-100.185435517819,12.297097884899165,3.197
2020,19,14,C56,2,25_44,1,4445,18770,Nuevo Le�n,Doctor Arroyo,23.8601083825303,-100.306266485606,22.49718785151856,5.849
2020,19,18,C56,2,25_44,1,55767,149563,Nuevo Le�n,García,25.8090105604871,-100.659776922245,1.7931751752828733,0.466
2020,19,19,C56,2,25_44,1,19153,72612,Nuevo Le�n,San Pedro Garza García,25.6445974826594,-100.374757698228,5.2211141857672425,1.357
2020,19,38,C56,2,25_44,1,9173,33766,Nuevo Le�n,Montemorelos,25.1263054213928,-99.8083805429705,10.90155892292598,2.834
2020,19,39,C56,2,25_44,8,158828,573146,Nuevo Le�n,Monterrey,25.644831944618,-100.31101511558,5.036895257763115,1.31
2020,19,46,C56,2,25_44,2,60220,240750,Nuevo Le�n,San Nicolás de los Garza,25.7360564326642,-100.270691442982,3.3211557622052474,0.864
2000,19,39,C56,2,15_24,1,107172,536485,Nuevo Le�n,Monterrey,25.644831944618,-100.31101511558,0.933079535699623,0.159
2001,19,39,C56,2,15_24,2,105486,537969,Nuevo Le�n,Monterrey,25.644831944618,-100.31101511558,1.895986197220484,0.322
2001,19,44,C56,2,15_24,1,2929,16790,Nuevo Le�n,Sabinas Hidalgo,26.575102311386,-100.149288250141,34.141345168999656,5.804
2004,19,39,C56,2,15_24,2,101059,539861,Nuevo Le�n,Monterrey,25.644831944618,-100.31101511558,1.9790419457940407,0.336
2004,19,44,C56,2,15_24,1,2911,17220,Nuevo Le�n,Sabinas Hidalgo,26.575102311386,-100.149288250141,34.35245620061835,5.84
2005,19,39,C56,2,15_24,2,99452,539771,Nuevo Le�n,Monterrey,25.644831944618,-100.31101511558,2.011020391746772,0.342
2007,19,39,C56,2,15_24,1,97093,539598,Nuevo Le�n,Monterrey,25.644831944618,-100.31101511558,1.0299403664527824,0.175
2009,19,39,C56,2,15_24,1,95122,540198,Nuevo Le�n,Monterrey,25.644831944618,-100.31101511558,1.051281512163327,0.179
2014,19,39,C56,2,15_24,1,92568,550367,Nuevo Le�n,Monterrey,25.644831944618,-100.31101511558,1.0802869242070694,0.184
2016,19,39,C56,2,15_24,2,91506,556547,Nuevo Le�n,Monterrey,25.644831944618,-100.31101511558,2.185649028479007,0.372
2018,19,39,C56,2,15_24,1,90061,563358,Nuevo Le�n,Monterrey,25.644831944618,-100.31101511558,1.1103585347708775,0.189
2020,19,6,C56,2,15_24,1,55874,330154,Nuevo Le�n,Apodaca,25.7922757582065,-100.187331046169,1.7897412034219853,0.304
2020,19,31,C56,2,15_24,1,32938,196212,Nuevo Le�n,Juárez,25.6140901423753,-100.121479853684,3.036007043536341,0.516
2020,19,39,C56,2,15_24,1,89106,573146,Nuevo Le�n,Monterrey,25.644831944618,-100.31101511558,1.1222588826790565,0.191
2002,19,39,C56,2,05_14,1,91990,539139,Nuevo Le�n,Monterrey,25.644831944618,-100.31101511558,1.0870746820306556,0.207
2004,19,39,C56,2,05_14,2,90115,539861,Nuevo Le�n,Monterrey,25.644831944618,-100.31101511558,2.219386339677079,0.422
2011,19,39,C56,2,05_14,1,82004,542076,Nuevo Le�n,Monterrey,25.644831944618,-100.31101511558,1.2194527096239207,0.232
2012,19,39,C56,2,05_14,1,81471,544639,Nuevo Le�n,Monterrey,25.644831944618,-100.31101511558,1.2274306194842337,0.233
2013,19,39,C56,2,05_14,2,80976,547362,Nuevo Le�n,Monterrey,25.644831944618,-100.31101511558,2.469867615095831,0.469
2017,19,39,C56,2,05_14,1,78575,559606,Nuevo Le�n,Monterrey,25.644831944618,-100.31101511558,1.2726694241170855,0.242
